회사명,공고명,지역,경력/고용형태,학력,마감일,URL
(주)엠디에스테크,[MDS테크] NVIDIA AI 인프라 및 산업용 시스템 영업/기술지원,경기 성남시 분당구,신입 · 경력 · 정규직 외,대학교(4년)↑,~10.17(토),https://www.saramin.co.kr/zf_user/jobs/relay/view?view_type=public-recruit&rec_idx=55064618&adsCategoryItem=effect_bold&
한국중부발전(주),2026년도 제3차 4직급 신입직원 채용공고,서울전체 외,신입 · 정규직,학력무관,~10.02(금),https://www.saramin.co.kr/zf_user/jobs/relay/view?view_type=public-recruit&rec_idx=55063459
쿠팡(주),[쿠팡로지스틱스서비스] 로켓설치 A/S 기술/운영 담당자 (신입가능),경기 광주시,경력무관 · 정규직,학력무관,~10.04(일),https://www.saramin.co.kr/zf_user/jobs/relay/view?view_type=public-recruit&rec_idx=55060759
지지무역(주),"[서울본사] 2026년 각 부문별 신입/경력직 채용(해외영업, TD, CAD, 디자인, 경영기획)",서울 중구 외,신입 · 경력 · 정규직 외,"대학(2,3년)↑",~10.11(일),https://www.saramin.co.kr/zf_user/jobs/relay/view?view_type=public-recruit&rec_idx=55054172
에스에프에이서비스(주),자동화설비 유지보수(소프트웨어) 신입/경력 직원 채용,충북 청주시,신입 · 경력 · 정규직,고졸↑,~09.30(수),https://www.saramin.co.kr/zf_user/jobs/relay/view?view_type=public-recruit&rec_idx=55054137
한국투자증권(주),한국투자증권 일반 공채(신입사원 5급)(개발/운영),서울 영등포구,신입 · 정규직,대학교(4년)↑,~10.19(월),https://www.saramin.co.kr/zf_user/jobs/relay/view?view_type=public-recruit&rec_idx=55053325
한국투자증권(주),한국투자증권 일반 공채(신입사원 5급)(AI/디지털/정보보호),서울 영등포구,신입 · 정규직,대학교(4년)↑,~10.19(월),https://www.saramin.co.kr/zf_user/jobs/relay/view?view_type=public-recruit&rec_idx=55053324
한양이엔지(주),부문별 수시채용 직원모집,경기 화성시 외,신입 · 경력 · 정규직 외,"대학(2,3년)↑",D-6,https://www.saramin.co.kr/zf_user/jobs/relay/view?view_type=public-recruit&rec_idx=55052505&adsCategoryItem=effect_bold&
네이버랩스(주),[네이버랩스] Generative AI Engineer (2D/3D),경기 성남시 분당구,경력무관 · 정규직,석사↑,~09.29(화),https://www.saramin.co.kr/zf_user/jobs/relay/view?view_type=public-recruit&rec_idx=55052170
국민건강보험공단,2026년도 하반기 신규직원 채용 공고 (전산),강원 원주시,경력무관 · 정규직,학력무관,~09.29(화),https://www.saramin.co.kr/zf_user/jobs/relay/view?view_type=public-recruit&rec_idx=55051095
(주)아이즈비전,2026 아이즈비전 신사업 공개채용,서울 강남구 외,신입 · 경력 · 정규직,학력무관,~10.11(일),https://www.saramin.co.kr/zf_user/jobs/relay/view?view_type=public-recruit&rec_idx=55050642&adsCategoryItem=effect_bold&
(주)소노스테이션,"소노스테이션 IS, CRM, 마케팅, 의전기획 신입/경력 채용",서울 강서구 외,신입 · 경력 · 정규직,학력무관,~09.27(일),https://www.saramin.co.kr/zf_user/jobs/relay/view?view_type=public-recruit&rec_idx=55050603
(주)대한항공,2027년 대한항공 전문인력(신입/경력) 모집 (IT 개발),서울 강서구,신입 · 정규직,"대학(2,3년)↑",~09.28(월),https://www.saramin.co.kr/zf_user/jobs/relay/view?view_type=public-recruit&rec_idx=55050468
(주)대한항공,2027년 대한항공 전문인력(신입/경력) 모집 (Data),서울 강서구,신입 · 정규직,"대학(2,3년)↑",~09.28(월),https://www.saramin.co.kr/zf_user/jobs/relay/view?view_type=public-recruit&rec_idx=55050466
(주)대한항공,2027년 대한항공 전문인력(신입/경력) 모집 (Cloud),서울 강서구,신입 · 정규직,"대학(2,3년)↑",~09.28(월),https://www.saramin.co.kr/zf_user/jobs/relay/view?view_type=public-recruit&rec_idx=55050465
(주)대한항공,2027년 대한항공 전문인력(신입/경력) 모집 (정보보안),서울 강서구,신입 · 정규직,"대학(2,3년)↑",~09.28(월),https://www.saramin.co.kr/zf_user/jobs/relay/view?view_type=public-recruit&rec_idx=55050463
메가스터디교육(주),2026년 하반기 신입/경력 인재 채용,서울 서초구 외,신입 · 경력 · 정규직,대학교(4년)↑,~09.28(월),https://www.saramin.co.kr/zf_user/jobs/relay/view?view_type=public-recruit&rec_idx=55050118
CJ(주),2026 CJ그룹 신입사원 모집,서울전체 외,신입 · 정규직,대학교(4년)↑,~09.30(수),https://www.saramin.co.kr/zf_user/jobs/relay/view?view_type=public-recruit&rec_idx=55049691
(주)폴라리스에이아이파마,"[폴라리스AI파마]정보시스템 운영 신입 모집(코스닥상장, 통근버스)",서울 구로구 외,신입 · 정규직,고졸↑,~09.27(일),https://www.saramin.co.kr/zf_user/jobs/relay/view?view_type=public-recruit&rec_idx=55049192&adsCategoryItem=effect_bold&
(주)아이디스,2026년 9월 연구소-SW개발(신입/경력) 인재 모집,대전 유성구,신입 · 경력 · 정규직,대학교(4년)↑,D-4,https://www.saramin.co.kr/zf_user/jobs/relay/view?view_type=public-recruit&rec_idx=55048849
(주)아이디스,2026년 9월 연구소-HW개발(신입/경력) 인재 모집,대전 유성구,신입 · 경력 · 정규직,대학교(4년)↑,D-4,https://www.saramin.co.kr/zf_user/jobs/relay/view?view_type=public-recruit&rec_idx=55048785
(주)모나미,마케팅팀/디자인팀/IT운영팀/해외영업팀/TQM팀 경력•신입 채용,경기 용인시 수지구 외,신입 · 경력 · 정규직,"대학(2,3년)↑",~09.29(화),https://www.saramin.co.kr/zf_user/jobs/relay/view?view_type=public-recruit&rec_idx=55044086&adsCategoryItem=effect_bold&
대전광역시청,2026년 하반기 대전광역시 공공기관 직원 통합채용 공고,대전전체 외,신입 · 경력 · 정규직 외,학력무관,~10.08(목),https://www.saramin.co.kr/zf_user/jobs/relay/view?view_type=public-recruit&rec_idx=55043604
존슨일렉트릭오퍼레이션스(주),(구.한라스택폴) 정규직 사원 채용 (관리직/현장직),충북 청주시 외,신입 · 경력 · 정규직,고졸↑,~10.05(월),https://www.saramin.co.kr/zf_user/jobs/relay/view?view_type=public-recruit&rec_idx=55043455
스페클립스(주),2026년 스페클립스(주) 신입 및 경력 채용,경기 안산시 단원구 외,신입 · 경력 · 정규직 외,"대학(2,3년)↑",~10.15(목),https://www.saramin.co.kr/zf_user/jobs/relay/view?view_type=public-recruit&rec_idx=55042633&adsCategoryItem=effect_bold&
(주)데이터유니버스,[데이터유니버스] 2026년 신입/경력직 공개채용,서울 영등포구,신입 · 경력 · 정규직 외,대학교(4년)↑,~10.18(일),https://www.saramin.co.kr/zf_user/jobs/relay/view?view_type=public-recruit&rec_idx=55042336&adsCategoryItem=effect_bold&
효성전기(주),2026년 하반기 각 부문 신입/경력 채용,부산 기장군 외,신입 · 경력 · 정규직,대학교(4년)↑,~10.04(일),https://www.saramin.co.kr/zf_user/jobs/relay/view?view_type=public-recruit&rec_idx=55042038
에스엔시스(주),에스엔시스㈜ 채용 공고 [신입사원 및 경력직 모집],경기 화성시 외,신입 · 경력 · 정규직 외,"대학(2,3년)↑",~10.05(월),https://www.saramin.co.kr/zf_user/jobs/relay/view?view_type=public-recruit&rec_idx=55040953&adsCategoryItem=effect_bold&
(주)대한항공,2027년 대한항공 신입사원 모집 (항공기술),서울전체 외,신입 · 정규직,"대학(2,3년)↑",~09.28(월),https://www.saramin.co.kr/zf_user/jobs/relay/view?view_type=public-recruit&rec_idx=55040931
(주)넷코아테크,"[신입/경력] 자사보안솔루션/시스템운영(세종), 공공사업PM, 경영전략, 기술연구소",서울 성동구 외,신입 · 경력 · 정규직,학력무관,~09.29(화),https://www.saramin.co.kr/zf_user/jobs/relay/view?view_type=public-recruit&rec_idx=55040797&adsCategoryItem=effect_bold&
(주)포인트모바일,2026년 하반기 해외영업 신입/경력 채용,서울 금천구 외,신입 · 경력 · 정규직,대학교(4년)↑,~10.14(수),https://www.saramin.co.kr/zf_user/jobs/relay/view?view_type=public-recruit&rec_idx=55040796&adsCategoryItem=effect_bold&
덕산네오룩스(주),2026년 하반기 덕산네오룩스 신입/경력 부분별 채용,충남 천안시 서북구 외,신입 · 경력 · 정규직 외,고졸↑,~09.25(금),https://www.saramin.co.kr/zf_user/jobs/relay/view?view_type=public-recruit&rec_idx=55040746&adsCategoryItem=effect_bold&
(주)엠디에스테크,[MDS테크] 임베디드 SW 기술지원 채용(신입/경력),경기 성남시 분당구 외,신입 · 경력 · 정규직,대학교(4년)↑,~09.26(토),https://www.saramin.co.kr/zf_user/jobs/relay/view?view_type=public-recruit&rec_idx=55039029&adsCategoryItem=effect_bold&
기아(주),[26년 하반기 신입] 생산기술,서울 서초구 외,신입 · 정규직,대학교(4년)↑,~09.29(화),https://www.saramin.co.kr/zf_user/jobs/relay/view?view_type=public-recruit&rec_idx=55037657
기아(주),[26년 하반기 신입] 글로벌 브랜드 및 고객경험 기획,서울 서초구,신입 · 정규직,대학교(4년)↑,~09.29(화),https://www.saramin.co.kr/zf_user/jobs/relay/view?view_type=public-recruit&rec_idx=55037493
(주)지아이티,[현대차그룹] 지아이티 연구소 BSP 채용,서울 송파구 외,경력무관 · 정규직 외,학력무관,~10.05(월),https://www.saramin.co.kr/zf_user/jobs/relay/view?view_type=public-recruit&rec_idx=55037393
(주)플렉스시스템,2026년 ㈜플렉스시스템 부문별 인재 채용,경기 안양시 동안구 외,신입 · 경력 · 정규직,대학교(4년)↑,~11.14(토),https://www.saramin.co.kr/zf_user/jobs/relay/view?view_type=public-recruit&rec_idx=55037054&adsCategoryItem=effect_bold&
기아(주),[26년 하반기 신입] 글로벌 오너십 (서비스),서울 서초구 외,신입 · 정규직,대학교(4년)↑,~09.29(화),https://www.saramin.co.kr/zf_user/jobs/relay/view?view_type=public-recruit&rec_idx=55037008
한국항공우주산업(주),2026 하반기 신입사원 채용-연구개발(IPS),경남 사천시,신입 · 정규직,대학교(4년)↑,D-4,https://www.saramin.co.kr/zf_user/jobs/relay/view?view_type=public-recruit&rec_idx=55036782
기아(주),[26년 하반기 신입] 보안점검,서울 서초구,신입 · 정규직,대학교(4년)↑,~09.29(화),https://www.saramin.co.kr/zf_user/jobs/relay/view?view_type=public-recruit&rec_idx=55036711
기아(주),[26년 하반기 신입] 생산운영 및 공정기술 (AutoLand광명),경기 광명시,신입 · 정규직,대학교(4년)↑,~09.29(화),https://www.saramin.co.kr/zf_user/jobs/relay/view?view_type=public-recruit&rec_idx=55036673
기아(주),[26년 하반기 신입] Service Security Engineer,서울 서초구,신입 · 정규직,대학교(4년)↑,~09.29(화),https://www.saramin.co.kr/zf_user/jobs/relay/view?view_type=public-recruit&rec_idx=55036633
한국항공우주산업(주),2026 하반기 신입사원 채용-연구개발(M&S),경남 사천시,신입 · 정규직,대학교(4년)↑,D-4,https://www.saramin.co.kr/zf_user/jobs/relay/view?view_type=public-recruit&rec_idx=55036615
기아(주),[26년 하반기 신입] Mobile Developer,서울 서초구,신입 · 정규직,대학교(4년)↑,~09.29(화),https://www.saramin.co.kr/zf_user/jobs/relay/view?view_type=public-recruit&rec_idx=55036577
기아(주),[26년 하반기 신입] 개인정보보호,서울 서초구,신입 · 정규직,대학교(4년)↑,~09.29(화),https://www.saramin.co.kr/zf_user/jobs/relay/view?view_type=public-recruit&rec_idx=55036560
한국항공우주산업(주),2026 하반기 신입사원 채용-연구개발(비행시험),경남 사천시,신입 · 정규직,대학교(4년)↑,D-4,https://www.saramin.co.kr/zf_user/jobs/relay/view?view_type=public-recruit&rec_idx=55036496
한국항공우주산업(주),2026 하반기 신입사원 채용-연구개발(비행제어),경남 사천시,신입 · 정규직,대학교(4년)↑,D-4,https://www.saramin.co.kr/zf_user/jobs/relay/view?view_type=public-recruit&rec_idx=55036470
한국항공우주산업(주),2026 하반기 신입사원 채용-연구개발(항공전자),경남 사천시,신입 · 정규직,대학교(4년)↑,D-4,https://www.saramin.co.kr/zf_user/jobs/relay/view?view_type=public-recruit&rec_idx=55036450
한국항공우주산업(주),2026 하반기 신입사원 채용-연구개발(AI/AX 개발),서울전체,신입 · 정규직,대학교(4년)↑,D-4,https://www.saramin.co.kr/zf_user/jobs/relay/view?view_type=public-recruit&rec_idx=55036440
한국항공우주산업(주),2026 하반기 신입사원 채용-연구개발(SW),경남 사천시,신입 · 정규직,대학교(4년)↑,D-4,https://www.saramin.co.kr/zf_user/jobs/relay/view?view_type=public-recruit&rec_idx=55036431
한국항공우주산업(주),2026 하반기 신입사원 채용-운영(고객지원),경남 사천시,신입 · 정규직,대학교(4년)↑,D-4,https://www.saramin.co.kr/zf_user/jobs/relay/view?view_type=public-recruit&rec_idx=55036415
기아(주),[26년 하반기 신입] R&D (특수사업),전남광주 서구,신입 · 정규직,대학교(4년)↑,~09.29(화),https://www.saramin.co.kr/zf_user/jobs/relay/view?view_type=public-recruit&rec_idx=55036363
한국항공우주산업(주),2026 하반기 신입사원 채용-경영(ICT),경남 사천시,신입 · 정규직,대학교(4년)↑,D-4,https://www.saramin.co.kr/zf_user/jobs/relay/view?view_type=public-recruit&rec_idx=55036354
신대한정유산업(주),각 부문별 채용 [환경기술/영업/발전설비/기계기사],경기 화성시 외,신입 · 경력 · 정규직,학력무관,~11.12(목),https://www.saramin.co.kr/zf_user/jobs/relay/view?view_type=public-recruit&rec_idx=55032343&adsCategoryItem=effect_bold&
(주)하나기술,㈜하나기술 2026년 하반기 각 부문별 직원 채용 공고,경기 용인시 외,신입 · 경력 · 정규직,학력무관,~10.16(금),https://www.saramin.co.kr/zf_user/jobs/relay/view?view_type=public-recruit&rec_idx=55031911&adsCategoryItem=effect_bold&
(주)케이씨파츠텍,2026 부문별 신입/경력 채용,충남 천안시 서북구 외,경력무관 · 정규직,학력무관,~09.30(수),https://www.saramin.co.kr/zf_user/jobs/relay/view?view_type=public-recruit&rec_idx=55031782&adsCategoryItem=effect_bold&
(주)우리카드,2026년 하반기 우리카드 신입사원 채용,서울전체 외,신입 · 정규직,학력무관,D-4,https://www.saramin.co.kr/zf_user/jobs/relay/view?view_type=public-recruit&rec_idx=55030368
(주)나우테크,[본사/영남사업소] 하반기 각 부문 신입 및 경력 채용,인천 미추홀구 외,신입 · 경력 · 정규직,고졸↑,~09.30(수),https://www.saramin.co.kr/zf_user/jobs/relay/view?view_type=public-recruit&rec_idx=55030303
(주)로우템,[군포] 각 분야 채용 공고 (경영지원/엔지니어),경기 군포시 외,신입 · 경력 · 정규직,학력무관,~09.30(수),https://www.saramin.co.kr/zf_user/jobs/relay/view?view_type=public-recruit&rec_idx=55030199
에이치에스지성동조선(주),2026년 관리직(전부문) 채용,경남 통영시,신입 · 경력 · 정규직 외,"대학(2,3년)↑",~10.05(월),https://www.saramin.co.kr/zf_user/jobs/relay/view?view_type=public-recruit&rec_idx=55030162
카페스(주),2026년 하반기 엔지니어링실 신규채용 공고,서울 송파구 외,신입 · 경력 · 정규직,대학교(4년)↑,~09.27(일),https://www.saramin.co.kr/zf_user/jobs/relay/view?view_type=public-recruit&rec_idx=55029352&adsCategoryItem=effect_bold&
정은산업,[월370~410만/상여500%] 삼성1차협력 반도체 정규직 채용,충남 아산시 외,경력무관 · 정규직,학력무관,내일마감,https://www.saramin.co.kr/zf_user/jobs/relay/view?view_type=public-recruit&rec_idx=55029118&adsCategoryItem=effect_bold&
(주)현대계전,플랜트 건설 관련 분야별 모집,전남광주 여수시 외,신입 · 경력 · 정규직 외,학력무관,~09.25(금),https://www.saramin.co.kr/zf_user/jobs/relay/view?view_type=public-recruit&rec_idx=55027938&adsCategoryItem=effect_bold&
에이치디건설기계(주),2026년 하반기 기술직 신입사원 채용(품질관리(엔진)),인천전체,신입 · 정규직,"대학(2,3년)↑",~09.28(월),https://www.saramin.co.kr/zf_user/jobs/relay/view?view_type=public-recruit&rec_idx=55026418
에이치디건설기계(주),2026년 하반기 기술직 신입사원 채용(품질관리(건설기계)),인천전체 외,신입 · 정규직,"대학(2,3년)↑",~09.28(월),https://www.saramin.co.kr/zf_user/jobs/relay/view?view_type=public-recruit&rec_idx=55026295
(주)부산케이블앤엔지니어링,2026년 각 부문 신입/경력 채용,부산 강서구 외,신입 · 경력 · 정규직,학력무관,~09.27(일),https://www.saramin.co.kr/zf_user/jobs/relay/view?view_type=public-recruit&rec_idx=55025837&adsCategoryItem=effect_bold&
(주)로보스타,[로보스타] 시운전 및 CS 기술지원 담당자,경기 안산시 상록구,신입 · 경력 · 정규직,"대학(2,3년)↑",D-5,https://www.saramin.co.kr/zf_user/jobs/relay/view?view_type=public-recruit&rec_idx=55024819
(주)에이비씨마트코리아,2026년 하반기 신입/경력 수시 채용(점포개발/슈즈 디자이너/시스템운영),서울 중구,신입 · 경력 · 정규직,"대학(2,3년)↑",D-4,https://www.saramin.co.kr/zf_user/jobs/relay/view?view_type=public-recruit&rec_idx=55024272
(주)에이치알에스,2026년 하반기 신입/경력 채용,경기 평택시 외,신입 · 경력 · 정규직,고졸↑,~10.11(일),https://www.saramin.co.kr/zf_user/jobs/relay/view?view_type=public-recruit&rec_idx=55024037&adsCategoryItem=effect_bold&
한국수목원정원관리원,제3차 신규직원 채용 공고 (일반직-산림자원 조사·관리),전국 외,경력무관 · 정규직,고졸↑,D-4,https://www.saramin.co.kr/zf_user/jobs/relay/view?view_type=public-recruit&rec_idx=55023927
한국수목원정원관리원,제3차 신규직원 채용 공고 (일반직-산림생물 자원연구(시드볼트),전국 외,경력무관 · 정규직,학력무관,D-4,https://www.saramin.co.kr/zf_user/jobs/relay/view?view_type=public-recruit&rec_idx=55023926
한국수목원정원관리원,제3차 신규직원 채용 공고 (공무직-정보화 기술지원),세종 세종특별자치시,경력무관 · 정규직 외,학력무관,D-4,https://www.saramin.co.kr/zf_user/jobs/relay/view?view_type=public-recruit&rec_idx=55023923
대한조선(주),2026년 신입/경력사원 상시 모집,전남광주 해남군 외,신입 · 경력 · 정규직 외,"대학(2,3년)↑",~10.01(목),https://www.saramin.co.kr/zf_user/jobs/relay/view?view_type=public-recruit&rec_idx=55023908
(주)싸이노스,[삼성/하이닉스 1차 협력사] 사무/관리 정규직/계약직 채용,경기 화성시 만세구 외,신입 · 경력 · 정규직 외,"대학(2,3년)↑",D-4,https://www.saramin.co.kr/zf_user/jobs/relay/view?view_type=public-recruit&rec_idx=55023493&adsCategoryItem=effect_bold&
휴온스그룹,휴온스그룹 2026년 10월 각 부문 신입 및 경력직 모집,경기 성남시 수정구 외,신입 · 경력 · 정규직 외,"대학(2,3년)↑",~09.27(일),https://www.saramin.co.kr/zf_user/jobs/relay/view?view_type=public-recruit&rec_idx=55015383
현대모비스(주),로보틱스 모터 설계,경기 의왕시,신입 · 정규직,대학교(4년)↑,~09.29(화),https://www.saramin.co.kr/zf_user/jobs/relay/view?view_type=public-recruit&rec_idx=55013995
현대모비스(주),로보틱스 회로 설계,경기 의왕시,신입 · 정규직,대학교(4년)↑,~09.29(화),https://www.saramin.co.kr/zf_user/jobs/relay/view?view_type=public-recruit&rec_idx=55013857
현대모비스(주),액추에이터 기구 설계,경기 의왕시,신입 · 정규직,대학교(4년)↑,~09.29(화),https://www.saramin.co.kr/zf_user/jobs/relay/view?view_type=public-recruit&rec_idx=55013845
현대모비스(주),로보틱스 제어기 SW 설계,경기 의왕시,신입 · 정규직,대학교(4년)↑,~09.29(화),https://www.saramin.co.kr/zf_user/jobs/relay/view?view_type=public-recruit&rec_idx=55013769
(주)셀코스,2026 하반기 신입/경력 직원 채용,경기 화성시 외,신입 · 경력 · 정규직,학력무관,D-3,https://www.saramin.co.kr/zf_user/jobs/relay/view?view_type=public-recruit&rec_idx=55013035
(주)케이씨이노베이션,"스크러버 기구설계, 촉매개발, 제조, CS, 인사",경기 화성시 외,신입 · 경력 · 정규직,고졸↑,~09.27(일),https://www.saramin.co.kr/zf_user/jobs/relay/view?view_type=public-recruit&rec_idx=55012850&adsCategoryItem=effect_bold&
(주)씨티씨바이오,2026년 부문별 신입/경력 사원 채용,서울 강남구 외,신입 · 경력 · 정규직,고졸↑,D-3,https://www.saramin.co.kr/zf_user/jobs/relay/view?view_type=public-recruit&rec_idx=55010340&adsCategoryItem=effect_bold&
서진씨엔에스(주),2026 하반기 신입/경력 부문별 채용,충북 청주시 상당구 외,신입 · 경력 · 정규직,대학교(4년)↑,~09.30(수),https://www.saramin.co.kr/zf_user/jobs/relay/view?view_type=public-recruit&rec_idx=55009535&adsCategoryItem=effect_bold&
네이버랩스(주),[네이버랩스] Embedded System Hardware Engineer,경기 성남시 분당구,경력무관 · 정규직,"대학(2,3년)↑",D-4,https://www.saramin.co.kr/zf_user/jobs/relay/view?view_type=public-recruit&rec_idx=55009160
하이엠솔루텍(주),[정규직] 현장PM 각 담당자 모집(PM(정보통신공사)) - 인재 Pool,서울 강서구,신입 · 경력 · 정규직,학력무관,~09.30(수),https://www.saramin.co.kr/zf_user/jobs/relay/view?view_type=public-recruit&rec_idx=55009127
어플라이드머티어리얼즈코리아(주),2026년 신입/경력 채용,경기 성남시 분당구 외,신입 · 경력 · 정규직,"대학(2,3년)↑",~10.20(화),https://www.saramin.co.kr/zf_user/jobs/relay/view?view_type=public-recruit&rec_idx=55008908
오스템임플란트(주),"연구/개발, 영업/마케팅, IT/SW, 경영지원 분야 채용",서울 강서구 외,신입 · 경력 · 정규직 외,대학교(4년)↑,~09.27(일),https://www.saramin.co.kr/zf_user/jobs/relay/view?view_type=public-recruit&rec_idx=55003411
(주)풍산,2026 풍산그룹 신입사원 모집,서울 서대문구 외,신입 · 정규직,대학교(4년)↑,~09.30(수),https://www.saramin.co.kr/zf_user/jobs/relay/view?view_type=public-recruit&rec_idx=55002358
디와이(주),DY그룹 수시채용 신입·경력 사원 모집,인천 남동구 외,신입 · 경력 · 정규직 외,"대학(2,3년)↑",D-6,https://www.saramin.co.kr/zf_user/jobs/relay/view?view_type=public-recruit&rec_idx=55001783
킨코스코리아(주),킨코스코리아㈜ AI Graphic Designer/B2B 콘텐츠 마케터 경력 및 신입 채용,서울 강남구 외,신입 · 경력 · 정규직 외,대학교(4년)↑,D-3,https://www.saramin.co.kr/zf_user/jobs/relay/view?view_type=public-recruit&rec_idx=55001093&adsCategoryItem=effect_bold&
지니너스(주),26년 하반기 각 부문 신입/경력 채용,서울 송파구 외,신입 · 경력 · 정규직,학력무관,~10.01(목),https://www.saramin.co.kr/zf_user/jobs/relay/view?view_type=public-recruit&rec_idx=55000869
(주)에이앤지테크놀로지,㈜에이앤지테크놀로지 2026년 하반기 신입 및 경력 채용,경기 시흥시 외,신입 · 경력 · 정규직,"대학(2,3년)↑",D-4,https://www.saramin.co.kr/zf_user/jobs/relay/view?view_type=public-recruit&rec_idx=55000109&adsCategoryItem=effect_bold&
(주)셀트리온,셀트리온 분야별 신입/경력 수시채용,인천 연수구,경력무관 · 정규직 외,대학교(4년)↑,D-3,https://www.saramin.co.kr/zf_user/jobs/relay/view?view_type=public-recruit&rec_idx=54998932&adsCategoryItem=effect_bold&
대상정보기술(주),[대상정보기술] 각 부문별 신입·경력 채용,서울 광진구,신입 · 경력 · 정규직,학력무관,~09.30(수),https://www.saramin.co.kr/zf_user/jobs/relay/view?view_type=public-recruit&rec_idx=54998919&adsCategoryItem=effect_bold&
에이제이솔루션테크(주),AJ솔루션테크 9월 수시 채용,충남 천안시 외,신입 · 경력 · 정규직 외,고졸↑,D-3,https://www.saramin.co.kr/zf_user/jobs/relay/view?view_type=public-recruit&rec_idx=54997768
(주)에싸,에이스컨셉스토어영업(총괄)/웹디자인(총괄)/백화점영업/직영전시장영업/영업지원/자사몰MD/총무AMD,서울 송파구 외,신입 · 경력 · 정규직,학력무관,D-6,https://www.saramin.co.kr/zf_user/jobs/relay/view?view_type=public-recruit&rec_idx=54997753&adsCategoryItem=effect_bold&
토스뱅크(주),Collections Manager (상각),서울 강남구,신입 · 경력 · 정규직,학력무관,~09.30(수),https://www.saramin.co.kr/zf_user/jobs/relay/view?view_type=public-recruit&rec_idx=54996016
토스뱅크(주),IT Planning Manager(내부통제),서울 강남구,신입 · 경력 · 정규직,학력무관,~09.30(수),https://www.saramin.co.kr/zf_user/jobs/relay/view?view_type=public-recruit&rec_idx=54996013
(주)쏠리드,㈜쏠리드 각 부문별 신입 또는 경력사원 채용,경기 성남시 분당구 외,신입 · 경력 · 정규직,"대학(2,3년)↑",D-7,https://www.saramin.co.kr/zf_user/jobs/relay/view?view_type=public-recruit&rec_idx=54991483
롯데바이오로직스(주),2026년 9월 롯데바이오로직스 각 부문별 채용,인천 연수구 외,신입 · 경력 · 정규직 외,대학교(4년)↑,D-4,https://www.saramin.co.kr/zf_user/jobs/relay/view?view_type=public-recruit&rec_idx=54991241
웹케시(주),자금담당자/주니어비서/솔루션운영 신입/경력직 채용,서울 영등포구 외,신입 · 경력 · 정규직 외,"대학(2,3년)↑",D-3,https://www.saramin.co.kr/zf_user/jobs/relay/view?view_type=public-recruit&rec_idx=54990126
(주)엠씨엠,청호그룹 (주)엠씨엠 각 부문별 신입 및 경력직 모집,충북 진천군 외,신입 · 경력 · 정규직,고졸↑,~09.27(일),https://www.saramin.co.kr/zf_user/jobs/relay/view?view_type=public-recruit&rec_idx=54988688&adsCategoryItem=effect_bold&
(주)보스반도체,ML Systems Runtime Engineer [신입/병특],경기 성남시 분당구 외,신입 · 정규직 외,대학교(4년)↑,~10.09(금),https://www.saramin.co.kr/zf_user/jobs/relay/view?view_type=public-recruit&rec_idx=54987987
HL 디앤아이한라 주식회사,2026 하반기 HL그룹 신입사원 채용,서울 송파구 외,신입 · 정규직,대학교(4년)↑,~09.27(일),https://www.saramin.co.kr/zf_user/jobs/relay/view?view_type=public-recruit&rec_idx=54987349
한국타이어앤테크놀로지(주),하반기 Proactive Leaders 신입 채용 (데이터 사이언스),대전 유성구,신입 · 정규직,대학교(4년)↑,~09.27(일),https://www.saramin.co.kr/zf_user/jobs/relay/view?view_type=public-recruit&rec_idx=54986927
한국타이어앤테크놀로지(주),하반기 Proactive Leaders 신입 채용 (Simulation Tool 연구),대전 유성구,신입 · 정규직,대학교(4년)↑,~09.27(일),https://www.saramin.co.kr/zf_user/jobs/relay/view?view_type=public-recruit&rec_idx=54986850
한국타이어앤테크놀로지(주),하반기 Proactive Leaders 신입 채용 (타이어 설계 시스템 연구),대전 유성구,신입 · 정규직,대학교(4년)↑,~09.27(일),https://www.saramin.co.kr/zf_user/jobs/relay/view?view_type=public-recruit&rec_idx=54986749
한국렌탈(주),2026 하반기 한국렌탈 채용공고,서울 성동구 외,신입 · 경력 · 정규직,고졸↑,D-4,https://www.saramin.co.kr/zf_user/jobs/relay/view?view_type=public-recruit&rec_idx=54986308
AJ네트웍스(주),AJ네트웍스 수시채용 (신입/경력),서울 송파구 외,신입 · 경력 · 정규직 외,대학교(4년)↑,D-3,https://www.saramin.co.kr/zf_user/jobs/relay/view?view_type=public-recruit&rec_idx=54978441
(주)오토닉스,오토닉스(진천) 생산기술팀/지원팀 채용,충북 진천군 외,신입 · 경력 · 정규직,고졸↑,~09.28(월),https://www.saramin.co.kr/zf_user/jobs/relay/view?view_type=public-recruit&rec_idx=54978043&adsCategoryItem=effect_bold&
영신쿼츠(주),"2026년 각부문별 신입/경력 채용(생산, 기술영업, 기술지원팀장, 생산관리)",충북 진천군 외,신입 · 경력 · 정규직,고졸↑,~10.08(목),https://www.saramin.co.kr/zf_user/jobs/relay/view?view_type=public-recruit&rec_idx=54976705&adsCategoryItem=effect_bold&
파크시스템스(주),운영관리부문 채용,경기 수원시 영통구 외,신입 · 경력 · 정규직,학력무관,D-3,https://www.saramin.co.kr/zf_user/jobs/relay/view?view_type=public-recruit&rec_idx=54976560
에스지생활안전(주),[CJ그룹관계사] SG생활안전 각 부문별 신입/경력 채용,경기 평택시,신입 · 경력 · 정규직 외,학력무관,~09.27(일),https://www.saramin.co.kr/zf_user/jobs/relay/view?view_type=public-recruit&rec_idx=54976403&adsCategoryItem=effect_bold&
파크시스템스(주),R&D부문 채용,경기 과천시 외,신입 · 경력 · 정규직,대학교(4년)↑,D-3,https://www.saramin.co.kr/zf_user/jobs/relay/view?view_type=public-recruit&rec_idx=54976394
엔큐리티(주),[분당/사세확장] 웹방화벽 기술지원 엔지니어 모집,경기 성남시 분당구 외,신입 · 경력 · 정규직,학력무관,~09.30(수),https://www.saramin.co.kr/zf_user/jobs/relay/view?view_type=public-recruit&rec_idx=54975425
환인제약(주),환인제약(주) 9월 각 부문 수시채용,서울 송파구 외,신입 · 경력 · 정규직 외,고졸↑,D-3,https://www.saramin.co.kr/zf_user/jobs/relay/view?view_type=public-recruit&rec_idx=54975084&adsCategoryItem=effect_bold&
한국전력기술(주),한국전력기술(주) 2026년도 하반기 정규직(장애인) 채용,경북 김천시,신입 · 정규직,학력무관,D-5,https://www.saramin.co.kr/zf_user/jobs/relay/view?view_type=public-recruit&rec_idx=54974803
한국전력기술(주),한국전력기술(주) 2026년도 하반기 정규직(보훈) 채용,경북 김천시,신입 · 정규직,학력무관,D-5,https://www.saramin.co.kr/zf_user/jobs/relay/view?view_type=public-recruit&rec_idx=54974761
한국전력기술(주),한국전력기술(주) 2026년도 하반기 정규직(대졸수준) 채용,경북 김천시,신입 · 정규직,대학교(4년)↑,D-5,https://www.saramin.co.kr/zf_user/jobs/relay/view?view_type=public-recruit&rec_idx=54974657
한국전력기술(주),한국전력기술(주) 2026년도 하반기 정규직(신입사원) 채용,경북 김천시,신입 · 정규직,학력무관,D-5,https://www.saramin.co.kr/zf_user/jobs/relay/view?view_type=public-recruit&rec_idx=54974572
대상(주),대상(주) 신입/경력사원 채용,서울 종로구 외,신입 · 경력 · 정규직,대학교(4년)↑,D-3,https://www.saramin.co.kr/zf_user/jobs/relay/view?view_type=public-recruit&rec_idx=54972372
(주)코스콤,2026년 하반기 「신입직원」 채용 공고(IT),서울 영등포구,신입 · 정규직,학력무관,D-4,https://www.saramin.co.kr/zf_user/jobs/relay/view?view_type=public-recruit&rec_idx=54971672
아이헤이트플라잉버그스(주),[신입 가능 / 전환금 100만원 ] 수학·영어 코칭 선생님,서울 영등포구 외,경력무관 · 정규직 외,학력무관,~10.11(일),https://www.saramin.co.kr/zf_user/jobs/relay/view?view_type=public-recruit&rec_idx=54971105&adsCategoryItem=effect_bold&
(재)한국표준과학연구원,2026년 9월 공동채용_기술직(초전도양자컴퓨팅시스템),대전 유성구,경력무관 · 정규직,석사↑,D-7,https://www.saramin.co.kr/zf_user/jobs/relay/view?view_type=public-recruit&rec_idx=54970981
엘에스이(주),2026년 엘에스이(주) IT혁신팀 신입/경력 채용 공고,경기 안성시 외,신입 · 경력 · 정규직,"대학(2,3년)↑",~11.06(금),https://www.saramin.co.kr/zf_user/jobs/relay/view?view_type=public-recruit&rec_idx=54966019
(주)에이치앤이루자,에이치앤이루자 경력/신입 채용,충남 아산시 외,신입 · 경력 · 정규직,"대학(2,3년)↑",D-4,https://www.saramin.co.kr/zf_user/jobs/relay/view?view_type=public-recruit&rec_idx=54964500&adsCategoryItem=effect_bold&
(주)디엠에스,"각 부문별 채용(회계, 기획, 보안관리, 경영진단, 펌웨어(F/W)개발, 공조냉동/기계설계 개발, 반도체 장비 제어, 풍력영업, 풍력설계, 풍력구매조달)",경기 용인시 기흥구 외,신입 · 경력 · 정규직,대학교(4년)↑,D-4,https://www.saramin.co.kr/zf_user/jobs/relay/view?view_type=public-recruit&rec_idx=54964296&adsCategoryItem=effect_bold&
(주)미래크레디트대부,전산팀 신입사원 채용,서울 강남구 외,신입 · 정규직,대학교(4년)↑,D-3,https://www.saramin.co.kr/zf_user/jobs/relay/view?view_type=public-recruit&rec_idx=54961245
(주)에스에이엔지니어링,2026년 하반기 각 부문 신입 및 경력 채용,대전 대덕구 외,신입 · 경력 · 정규직 외,"대학(2,3년)↑",~09.30(수),https://www.saramin.co.kr/zf_user/jobs/relay/view?view_type=public-recruit&rec_idx=54961022
(주)테크웨이즈,[㈜테크웨이즈] 각 부문별 신입·경력사원 모집,경기 용인시 수지구 외,신입 · 경력 · 정규직,고졸↑,~09.27(일),https://www.saramin.co.kr/zf_user/jobs/relay/view?view_type=public-recruit&rec_idx=54957479&adsCategoryItem=effect_bold&
현대해상화재보험(주),2026년 현대해상 대졸 신입사원 채용(IT/정보보호),서울 종로구,신입 · 정규직,대학교(4년)↑,D-4,https://www.saramin.co.kr/zf_user/jobs/relay/view?view_type=public-recruit&rec_idx=54955209
한국이콜랩(유),[외국계 화학] 각 부문 신입/경력 채용,서울 송파구 외,신입 · 경력 · 정규직 외,고졸↑,D-3,https://www.saramin.co.kr/zf_user/jobs/relay/view?view_type=public-recruit&rec_idx=54946777&adsCategoryItem=effect_bold&
(주)우진기전,"정규직 채용 (기술지원, 시공관리, 영업지원, 자금관리)",경기 평택시 외,신입 · 경력 · 정규직,"대학(2,3년)↑",~09.30(수),https://www.saramin.co.kr/zf_user/jobs/relay/view?view_type=public-recruit&rec_idx=54946167&adsCategoryItem=effect_bold&
(주)아이센스,2026년 9월 아이센스 수시채용(신입/경력),서울 서초구 외,신입 · 경력 · 정규직,대학교(4년)↑,D-3,https://www.saramin.co.kr/zf_user/jobs/relay/view?view_type=public-recruit&rec_idx=54945869
케이투코리아(주),[케이투코리아그룹] 9월 각 부문 신입/경력사원 채용,서울 강남구 외,신입 · 경력 · 정규직 외,대학교(4년)↑,~09.25(금),https://www.saramin.co.kr/zf_user/jobs/relay/view?view_type=public-recruit&rec_idx=54945173
(주)발렉스서비스,[용인/이천 SK하이닉스 근무] 산업보안요원 신규사업장 정규직 대규모 채용,경기 용인시 외,신입 · 경력 · 정규직,학력무관,~11.03(화),https://www.saramin.co.kr/zf_user/jobs/relay/view?view_type=public-recruit&rec_idx=54944868
(주)케이엔알시스템,2026년 각 부문(신입/경력) 모집,경기 화성시 외,신입 · 경력 · 정규직,학력무관,~09.30(수),https://www.saramin.co.kr/zf_user/jobs/relay/view?view_type=public-recruit&rec_idx=54944688
평화홀딩스(주),2026년 하반기 평화그룹 신입/경력 수시채용,대구 달성군 외,신입 · 경력 · 정규직,"대학(2,3년)↑",D-3,https://www.saramin.co.kr/zf_user/jobs/relay/view?view_type=public-recruit&rec_idx=54943814
(주)와우바이오텍,[RE4DAY] 2026년 각 부문별 경력 집중 채용,서울 영등포구 외,신입 · 경력 · 정규직,학력무관,~10.06(화),https://www.saramin.co.kr/zf_user/jobs/relay/view?view_type=public-recruit&rec_idx=54943580&adsCategoryItem=effect_bold&
한국호야전자(주),영업부(팀원)/재무회계부(매니저급)/기술부(팀원) 채용,경기 평택시,신입 · 경력 · 정규직 외,대학교(4년)↑,~09.30(수),https://www.saramin.co.kr/zf_user/jobs/relay/view?view_type=public-recruit&rec_idx=54943200
(주)한독,한독 전문의약품 영업/마케팅 공채 및 직무별 수시채용,서울 강남구 외,신입 · 경력 · 정규직 외,고졸↑,~09.27(일),https://www.saramin.co.kr/zf_user/jobs/relay/view?view_type=public-recruit&rec_idx=54942795
(주)안국엔지니어링,각 부문별 채용,서울 구로구 외,신입 · 경력 · 정규직 외,고졸↑,내일마감,https://www.saramin.co.kr/zf_user/jobs/relay/view?view_type=public-recruit&rec_idx=54941953&adsCategoryItem=effect_bold&
한국전기연구원,2026년도 제4차 별정직 공개경쟁 채용 공고,경남 창원시 외,경력무관 · 정규직,학력무관,D-3,https://www.saramin.co.kr/zf_user/jobs/relay/view?view_type=public-recruit&rec_idx=54940026&adsCategoryItem=effect_bold&
국민연금공단,국민연금공단 하반기 신입 직원 채용 공고,경기전체 외,신입 · 정규직,학력무관,내일마감,https://www.saramin.co.kr/zf_user/jobs/relay/view?view_type=public-recruit&rec_idx=54934096
(주)심텍,각 직무별 신입/경력 채용 공고,충북 청주시 외,신입 · 경력 · 정규직,대학교(4년)↑,~09.30(수),https://www.saramin.co.kr/zf_user/jobs/relay/view?view_type=public-recruit&rec_idx=54931415
(주)파멕스,2026년도 하반기 정기채용 모집요강,경남 양산시 외,신입 · 경력 · 정규직 외,고졸↑,D-3,https://www.saramin.co.kr/zf_user/jobs/relay/view?view_type=public-recruit&rec_idx=54928832
에이치디현대일렉트릭,[HD현대] 26년 하반기 연구직 채용 (R&D),경기 성남시 분당구,신입 · 경력 · 정규직,석사↑,~09.27(일),https://www.saramin.co.kr/zf_user/jobs/relay/view?view_type=public-recruit&rec_idx=54927931
에이치디현대마린솔루션(주),[HD현대] 26년 하반기 연구직 채용 (선박플랫폼연구팀),경기 성남시 분당구,신입 · 정규직,석사↑,~09.27(일),https://www.saramin.co.kr/zf_user/jobs/relay/view?view_type=public-recruit&rec_idx=54927794
에이치디현대중공업(주),[HD현대] 26년 하반기 연구직 채용 (엔진연구소),경기 성남시 분당구 외,신입 · 경력 · 정규직,석사↑,~09.27(일),https://www.saramin.co.kr/zf_user/jobs/relay/view?view_type=public-recruit&rec_idx=54927709
에이치디현대중공업(주),[HD현대] 26년 하반기 연구직 채용 (선박해양연구소),경기 성남시 분당구 외,신입 · 경력 · 정규직,석사↑,~09.27(일),https://www.saramin.co.kr/zf_user/jobs/relay/view?view_type=public-recruit&rec_idx=54927578
에이치디한국조선해양(주),[HD현대] 26년 하반기 연구직 채용 (SDV Center),경기 성남시 분당구,신입 · 경력 · 정규직,석사↑,~09.27(일),https://www.saramin.co.kr/zf_user/jobs/relay/view?view_type=public-recruit&rec_idx=54927372
에이치디한국조선해양(주),[HD현대] 26년 하반기 연구직 채용 (AI Center),경기 성남시 분당구,신입 · 경력 · 정규직,석사↑,~09.27(일),https://www.saramin.co.kr/zf_user/jobs/relay/view?view_type=public-recruit&rec_idx=54927086
에이치디한국조선해양(주),[HD현대] 26년 하반기 연구직 채용 (함정연구소),경기 성남시 분당구,신입 · 경력 · 정규직,석사↑,~09.27(일),https://www.saramin.co.kr/zf_user/jobs/relay/view?view_type=public-recruit&rec_idx=54926876
(주)아이샵케어,토스플레이스 자회사 [iShopCARE] 대규모 채용｜영업·마케팅·인사·법무·전략·CX·물류·AS·운영 外,서울 강남구 외,신입 · 경력 · 정규직 외,학력무관,~10.02(금),https://www.saramin.co.kr/zf_user/jobs/relay/view?view_type=public-recruit&rec_idx=54926795&adsCategoryItem=effect_bold&
에이치디한국조선해양(주),[HD현대] 26년 하반기 연구직 채용 (전동화센터),경기 성남시 분당구,신입 · 경력 · 정규직,석사↑,~09.27(일),https://www.saramin.co.kr/zf_user/jobs/relay/view?view_type=public-recruit&rec_idx=54926750
에이치디한국조선해양(주),[HD현대] 26년 하반기 연구직 채용 (제조혁신연구소),경기 성남시 분당구 외,신입 · 경력 · 정규직,석사↑,~09.27(일),https://www.saramin.co.kr/zf_user/jobs/relay/view?view_type=public-recruit&rec_idx=54926629
현대엘리베이터(주),2026 하반기 현대그룹 신입 매니저 채용(생산기술),충북 충주시,신입 · 정규직,대학교(4년)↑,D-5,https://www.saramin.co.kr/zf_user/jobs/relay/view?view_type=public-recruit&rec_idx=54926541
현대엘리베이터(주),2026 하반기 현대그룹 신입 매니저 채용(IT-디지털서비스기획),서울전체,신입 · 정규직,대학교(4년)↑,D-5,https://www.saramin.co.kr/zf_user/jobs/relay/view?view_type=public-recruit&rec_idx=54926288
현대엘리베이터(주),2026 하반기 현대그룹 신입 매니저 채용(IT-데이터/AI개발),서울전체,신입 · 정규직,대학교(4년)↑,D-5,https://www.saramin.co.kr/zf_user/jobs/relay/view?view_type=public-recruit&rec_idx=54926204
현대엘리베이터(주),2026 하반기 현대그룹 신입 매니저 채용(R&D-IoT시스템개발),서울전체,신입 · 정규직,대학교(4년)↑,D-5,https://www.saramin.co.kr/zf_user/jobs/relay/view?view_type=public-recruit&rec_idx=54925967
현대엘리베이터(주),2026 하반기 현대그룹 신입 매니저 채용(R&D-스마트전장개발),서울전체,신입 · 정규직,대학교(4년)↑,D-5,https://www.saramin.co.kr/zf_user/jobs/relay/view?view_type=public-recruit&rec_idx=54925955
현대엘리베이터(주),2026 하반기 현대그룹 신입 매니저 채용(R&D-제어시스템개발),충북 충주시,신입 · 정규직,대학교(4년)↑,D-5,https://www.saramin.co.kr/zf_user/jobs/relay/view?view_type=public-recruit&rec_idx=54925909
현대엘리베이터(주),2026 하반기 현대그룹 신입 매니저 채용(R&D-전력변환장치개발),충북 충주시,신입 · 정규직,대학교(4년)↑,D-5,https://www.saramin.co.kr/zf_user/jobs/relay/view?view_type=public-recruit&rec_idx=54925908
한맥콘트롤즈(주),각 부문별 신입/경력 모집,서울 강서구 외,신입 · 경력 · 정규직,"대학(2,3년)↑",~09.27(일),https://www.saramin.co.kr/zf_user/jobs/relay/view?view_type=public-recruit&rec_idx=54923876
안국약품(주),9월 신입 및 경력직 채용,경기 과천시 외,신입 · 경력 · 정규직,고졸↑,D-3,https://www.saramin.co.kr/zf_user/jobs/relay/view?view_type=public-recruit&rec_idx=54923430
(주)엘시시,"(주)LCC 생산(계량/배합, 충천/포장), 경영지원(교육/총무) 채용",충북 음성군 외,신입 · 경력 · 정규직,고졸↑,~09.30(수),https://www.saramin.co.kr/zf_user/jobs/relay/view?view_type=public-recruit&rec_idx=54921972
두산로보틱스(주),2026 두산그룹 신입사원 채용 (영업/서비스 기술지원),경기 성남시 분당구,신입 · 정규직,대학교(4년)↑,D-4,https://www.saramin.co.kr/zf_user/jobs/relay/view?view_type=public-recruit&rec_idx=54920153
두산에너빌리티(주),2026 두산그룹 신입사원 채용(생산 설비 인프라 관리),경남 창원시,신입 · 정규직,대학교(4년)↑,D-4,https://www.saramin.co.kr/zf_user/jobs/relay/view?view_type=public-recruit&rec_idx=54918861
(주)삼구에프에스,하반기 생산직 신입/경력 채용공고 [식품제조],경기 이천시 외,신입 · 경력 · 정규직,학력무관,D-5,https://www.saramin.co.kr/zf_user/jobs/relay/view?view_type=public-recruit&rec_idx=54918302&adsCategoryItem=effect_bold&
두산에너빌리티(주),2026 두산그룹 신입사원 채용(원자력 I&C 생산),경기 화성시 동탄구,신입 · 정규직,대학교(4년)↑,D-4,https://www.saramin.co.kr/zf_user/jobs/relay/view?view_type=public-recruit&rec_idx=54918294
두산에너빌리티(주),2026 두산그룹 신입사원 채용(방산 설계),경남 창원시,신입 · 정규직,대학교(4년)↑,D-4,https://www.saramin.co.kr/zf_user/jobs/relay/view?view_type=public-recruit&rec_idx=54918126
두산에너빌리티(주),2026 두산그룹 신입사원 채용(원자력 I&C 설계),경기 성남시 분당구 외,신입 · 정규직,대학교(4년)↑,D-4,https://www.saramin.co.kr/zf_user/jobs/relay/view?view_type=public-recruit&rec_idx=54918058
두산디지털이노베이션,2026 두산그룹 신입사원 채용(방산·산업보안),서울전체,신입 · 정규직,대학교(4년)↑,D-4,https://www.saramin.co.kr/zf_user/jobs/relay/view?view_type=public-recruit&rec_idx=54917856
두산디지털이노베이션,2026 두산그룹 신입사원 채용(AI 솔루션 개발),서울전체,신입 · 정규직,대학교(4년)↑,D-4,https://www.saramin.co.kr/zf_user/jobs/relay/view?view_type=public-recruit&rec_idx=54917810
(주)두산 전자사업본사,2026 두산그룹 신입사원 채용(R&D(제품개발)),경기 용인시 수지구,신입 · 정규직,석사↑,D-4,https://www.saramin.co.kr/zf_user/jobs/relay/view?view_type=public-recruit&rec_idx=54917640
청오디피케이(주),도미노피자 각 부문(자회사 포함) 공개 채용,서울 강남구 외,신입 · 경력 · 정규직,학력무관,~10.05(월),https://www.saramin.co.kr/zf_user/jobs/relay/view?view_type=public-recruit&rec_idx=54917091
에이치디건설기계(주),26년 하반기 신입사원 채용(제어시스템개발),경기 성남시 분당구,신입 · 정규직,대학교(4년)↑,~09.27(일),https://www.saramin.co.kr/zf_user/jobs/relay/view?view_type=public-recruit&rec_idx=54917033
에이치디건설기계(주),26년 하반기 신입사원 채용(글로벌PS),경기 성남시 분당구,신입 · 정규직,대학교(4년)↑,~09.27(일),https://www.saramin.co.kr/zf_user/jobs/relay/view?view_type=public-recruit&rec_idx=54916813
에이치디현대중공업(주),26년 하반기 신입사원 채용 (엔진기계_사업기획),울산전체,신입 · 정규직,대학교(4년)↑,~09.27(일),https://www.saramin.co.kr/zf_user/jobs/relay/view?view_type=public-recruit&rec_idx=54916532
에이치디현대중공업(주),26년 하반기 신입사원 채용 (범경영-DX),울산전체,신입 · 정규직,대학교(4년)↑,~09.27(일),https://www.saramin.co.kr/zf_user/jobs/relay/view?view_type=public-recruit&rec_idx=54916469
에이치디현대중공업(주),26년 하반기 신입사원 채용 (선박생산관리),울산전체,신입 · 정규직,대학교(4년)↑,~09.27(일),https://www.saramin.co.kr/zf_user/jobs/relay/view?view_type=public-recruit&rec_idx=54916453
현대무벡스(주),2026 하반기 현대그룹 신입 매니저 채용(서비스 기술/영업),전국,신입 · 정규직,대학교(4년)↑,D-5,https://www.saramin.co.kr/zf_user/jobs/relay/view?view_type=public-recruit&rec_idx=54916373
에이치디현대일렉트릭,26년 하반기 신입사원 채용(ICT/DT),울산전체,신입 · 정규직,대학교(4년)↑,~09.27(일),https://www.saramin.co.kr/zf_user/jobs/relay/view?view_type=public-recruit&rec_idx=54916366
에이치디현대사이트솔루션(주),26년 하반기 신입사원 채용(제품개발(산업차량)),경기 성남시 분당구,신입 · 정규직,대학교(4년)↑,~09.27(일),https://www.saramin.co.kr/zf_user/jobs/relay/view?view_type=public-recruit&rec_idx=54916364
에이치디현대사이트솔루션(주),26년 하반기 신입사원 채용(스마트CE),경기 성남시 분당구,신입 · 정규직,대학교(4년)↑,~09.27(일),https://www.saramin.co.kr/zf_user/jobs/relay/view?view_type=public-recruit&rec_idx=54916363
(주)형원이엔지,각 부문별 채용,경기 파주시 외,경력무관 · 정규직 외,학력무관,~10.01(목),https://www.saramin.co.kr/zf_user/jobs/relay/view?view_type=public-recruit&rec_idx=54914356
에이치디현대마린솔루션(주),26년 하반기 신입사원 채용(영업),경기 성남시 분당구,신입 · 정규직,대학교(4년)↑,~09.27(일),https://www.saramin.co.kr/zf_user/jobs/relay/view?view_type=public-recruit&rec_idx=54914255
에이치디현대삼호(주),26년 하반기 신입사원 채용 (동반성장),전남광주 목포시,신입 · 정규직,대학교(4년)↑,~09.27(일),https://www.saramin.co.kr/zf_user/jobs/relay/view?view_type=public-recruit&rec_idx=54914238
에이치디현대삼호(주),26년 하반기 신입사원 채용 (ICT/DT),전남광주 목포시,신입 · 정규직,대학교(4년)↑,~09.27(일),https://www.saramin.co.kr/zf_user/jobs/relay/view?view_type=public-recruit&rec_idx=54914150
에이치디현대마린솔루션(주),26년 하반기 신입사원 채용(DT설계),경기 성남시 분당구,신입 · 정규직,대학교(4년)↑,~09.27(일),https://www.saramin.co.kr/zf_user/jobs/relay/view?view_type=public-recruit&rec_idx=54914137
에이치디한국조선해양(주),26년 하반기 신입사원 채용 (AI/DX전략),경기 성남시 분당구,신입 · 정규직,대학교(4년)↑,~09.27(일),https://www.saramin.co.kr/zf_user/jobs/relay/view?view_type=public-recruit&rec_idx=54914022
에이치디한국조선해양(주),26년 하반기 신입사원 채용 (데이터 사이언티스트/데이터 ),경기 성남시 분당구,신입 · 정규직,대학교(4년)↑,~09.27(일),https://www.saramin.co.kr/zf_user/jobs/relay/view?view_type=public-recruit&rec_idx=54914017
(주)건양아이티티,전기설계/PM/기계설계/영업/생산 신입 및 경력 채용,부산 강서구 외,신입 · 경력 · 정규직,학력무관,D-3,https://www.saramin.co.kr/zf_user/jobs/relay/view?view_type=public-recruit&rec_idx=54913929
에이치디현대오일뱅크(주),[HD현대오일뱅크] 2026년 하반기 신입사원 채용 (IT),경기 성남시 분당구,신입 · 정규직,대학교(4년)↑,~09.27(일),https://www.saramin.co.kr/zf_user/jobs/relay/view?view_type=public-recruit&rec_idx=54913416
크나우프석고보드(주),LEAP - 차세대 리더 양성 프로그램,서울 강남구 외,신입 · 경력 · 정규직,대학교(4년)↑,~09.30(수),https://www.saramin.co.kr/zf_user/jobs/relay/view?view_type=public-recruit&rec_idx=54911892
(주)동아엘텍,HW·기구설계·생산·국내/해외영업·품질관리·영업지원·재무,경기 안양시 동안구 외,신입 · 경력 · 정규직 외,"대학(2,3년)↑",오늘마감,https://www.saramin.co.kr/zf_user/jobs/relay/view?view_type=public-recruit&rec_idx=54910971&adsCategoryItem=effect_bold&
한화오션(주),2026 하반기 신입사원 채용 (AX-생산지능화),경남 거제시,신입 · 정규직 외,석사↑,~09.30(수),https://www.saramin.co.kr/zf_user/jobs/relay/view?view_type=public-recruit&rec_idx=54910413
한화시스템(주),하반기 방산부문 학/석사 신입사원 채용 ((우주) 위성체계 SE),경기 성남시 분당구,신입 · 정규직,대학교(4년)↑,D-4,https://www.saramin.co.kr/zf_user/jobs/relay/view?view_type=public-recruit&rec_idx=54910333
한화오션(주),2026년 하반기 신입사원 채용(AX-로보틱스 개발),서울전체 외,신입 · 정규직 외,석사↑,~09.30(수),https://www.saramin.co.kr/zf_user/jobs/relay/view?view_type=public-recruit&rec_idx=54910301
한화시스템(주),하반기 방산부문 학/석사 신입사원 채용 ((기반연구소) ESA),경기 성남시 분당구,신입 · 정규직,석사↑,D-4,https://www.saramin.co.kr/zf_user/jobs/relay/view?view_type=public-recruit&rec_idx=54910282
한화시스템(주),하반기 방산부문 학/석사 신입사원 채용 ((기반연구소)고속모뎀),경기 성남시 분당구,신입 · 정규직,석사↑,D-4,https://www.saramin.co.kr/zf_user/jobs/relay/view?view_type=public-recruit&rec_idx=54910224
한화오션(주),2026년 하반기 신입사원 채용(AX_AI 개발),서울전체,신입 · 정규직 외,대학교(4년)↑,~09.30(수),https://www.saramin.co.kr/zf_user/jobs/relay/view?view_type=public-recruit&rec_idx=54910219
한화오션(주),2026 하반기 신입사원 채용 (연구개발-자율운항연구),서울전체,신입 · 정규직 외,석사↑,~09.30(수),https://www.saramin.co.kr/zf_user/jobs/relay/view?view_type=public-recruit&rec_idx=54910207
한화시스템(주),하반기 방산부문 학/석사 신입사원 채용 ((기반연구소) 기계),경기 용인시 외,신입 · 정규직,대학교(4년)↑,D-4,https://www.saramin.co.kr/zf_user/jobs/relay/view?view_type=public-recruit&rec_idx=54910183
한화시스템(주),하반기 방산부문 학/석사 신입사원 채용((우주)위성지상체 SW),경기 성남시 분당구,신입 · 정규직,대학교(4년)↑,D-4,https://www.saramin.co.kr/zf_user/jobs/relay/view?view_type=public-recruit&rec_idx=54910166
한화오션(주),2026 하반기 신입사원 채용 (연구개발-제어지능화연구),서울전체 외,신입 · 정규직 외,석사↑,~09.30(수),https://www.saramin.co.kr/zf_user/jobs/relay/view?view_type=public-recruit&rec_idx=54910140
한화시스템(주),하반기 방산부문 학/석사 신입사원 채용 ((레이다) SW),경기 용인시,신입 · 정규직,대학교(4년)↑,D-4,https://www.saramin.co.kr/zf_user/jobs/relay/view?view_type=public-recruit&rec_idx=54910128
한화시스템(주),하반기 방산부문 학/석사 신입사원 채용((우주)위성탑재체 SW),경기 성남시 분당구,신입 · 정규직,대학교(4년)↑,D-4,https://www.saramin.co.kr/zf_user/jobs/relay/view?view_type=public-recruit&rec_idx=54910124
한화시스템(주),하반기 방산부문 학/석사 신입사원 채용((레이다)SE),경기 용인시,신입 · 정규직,대학교(4년)↑,D-4,https://www.saramin.co.kr/zf_user/jobs/relay/view?view_type=public-recruit&rec_idx=54909857
한화시스템(주),하반기 방산부문 학/석사 신입사원 채용((레이저)HW),경기 성남시 분당구,신입 · 정규직,석사↑,D-4,https://www.saramin.co.kr/zf_user/jobs/relay/view?view_type=public-recruit&rec_idx=54909718
(주)엔젤로보틱스,2026 엔젤로보틱스 각 분야 채용 공고,서울 광진구,신입 · 경력 · 정규직,학력무관,~09.30(수),https://www.saramin.co.kr/zf_user/jobs/relay/view?view_type=public-recruit&rec_idx=54909577&adsCategoryItem=effect_bold&
(주)가스트론,각 부문별 신입/경력 모집,경기 군포시 외,신입 · 경력 · 정규직,학력무관,~09.27(일),https://www.saramin.co.kr/zf_user/jobs/relay/view?view_type=public-recruit&rec_idx=54909547
한화시스템(주),하반기 방산부문 학/석사 신입사원 채용((해양)SE),경북 구미시,신입 · 정규직,대학교(4년)↑,D-4,https://www.saramin.co.kr/zf_user/jobs/relay/view?view_type=public-recruit&rec_idx=54909505
한화시스템(주),하반기 방산부문 학/석사 신입사원 채용((우주)위성본체 SW),경기 성남시 분당구,신입 · 정규직,대학교(4년)↑,D-4,https://www.saramin.co.kr/zf_user/jobs/relay/view?view_type=public-recruit&rec_idx=54909354
한화시스템(주),하반기 방산부문 학/석사 신입사원 채용((우주)위성탑재체 HW),경기 성남시 분당구,신입 · 정규직,석사↑,D-4,https://www.saramin.co.kr/zf_user/jobs/relay/view?view_type=public-recruit&rec_idx=54909232
한화시스템(주),하반기 방산부문 학/석사 신입사원 채용((우주)차세대위성 SE),경기 성남시 분당구,신입 · 정규직,석사↑,D-4,https://www.saramin.co.kr/zf_user/jobs/relay/view?view_type=public-recruit&rec_idx=54909223
한화시스템(주),하반기 방산부문 학/석사 신입사원 채용((우주)위성본체 HW),경기 성남시 분당구,신입 · 정규직,대학교(4년)↑,D-4,https://www.saramin.co.kr/zf_user/jobs/relay/view?view_type=public-recruit&rec_idx=54909024
한화시스템(주),하반기 방산부문 학/석사 신입사원 채용 ((해양) SW),서울전체 외,신입 · 정규직,대학교(4년)↑,D-4,https://www.saramin.co.kr/zf_user/jobs/relay/view?view_type=public-recruit&rec_idx=54908871
한화시스템(주),하반기 방산부문 학/석사 신입사원 채용 (MRO Engineering),경북 구미시,신입 · 정규직,대학교(4년)↑,D-4,https://www.saramin.co.kr/zf_user/jobs/relay/view?view_type=public-recruit&rec_idx=54908873
한화시스템(주),하반기 방산부문 학/석사 신입사원 채용 (IPS),경북 구미시,신입 · 정규직,대학교(4년)↑,D-4,https://www.saramin.co.kr/zf_user/jobs/relay/view?view_type=public-recruit&rec_idx=54908869
한화시스템(주),하반기 방산부문 학/석사 신입사원 채용 (양산기술(SW)),경북 구미시,신입 · 정규직,대학교(4년)↑,D-4,https://www.saramin.co.kr/zf_user/jobs/relay/view?view_type=public-recruit&rec_idx=54908867
한화시스템(주),하반기 방산부문 학/석사 신입사원 채용((우주)위성체계 HW),경기 성남시 분당구,신입 · 정규직,대학교(4년)↑,D-4,https://www.saramin.co.kr/zf_user/jobs/relay/view?view_type=public-recruit&rec_idx=54908828
한화시스템(주),2026년 하반기 방산부문 학/석사 신입사원 채용((통신) SE),경기 성남시 분당구,신입 · 정규직,석사↑,D-4,https://www.saramin.co.kr/zf_user/jobs/relay/view?view_type=public-recruit&rec_idx=54908689
한화시스템(주),2026년 하반기 방산부문 학/석사 신입사원 채용(임베디드 SW),경기 성남시 분당구,신입 · 정규직,대학교(4년)↑,D-4,https://www.saramin.co.kr/zf_user/jobs/relay/view?view_type=public-recruit&rec_idx=54908688
한화시스템(주),2026년 하반기 방산부문 학/석사 신입사원 채용((통신) HW),경기 성남시 분당구,신입 · 정규직,석사↑,D-4,https://www.saramin.co.kr/zf_user/jobs/relay/view?view_type=public-recruit&rec_idx=54908686
한화시스템(주),2026년 하반기 방산부문 학/석사 신입사원 채용((통신)응용 SW),경기 성남시 분당구,신입 · 정규직,대학교(4년)↑,D-4,https://www.saramin.co.kr/zf_user/jobs/relay/view?view_type=public-recruit&rec_idx=54908685
한화시스템(주),2026년 하반기 방산부문 학/석사 신입사원 채용((지상) SE),경기 성남시 분당구,신입 · 정규직,대학교(4년)↑,D-4,https://www.saramin.co.kr/zf_user/jobs/relay/view?view_type=public-recruit&rec_idx=54908684
한화시스템(주),2026년 하반기 방산부문 학/석사 신입사원 채용((지상) SW),경기 성남시 분당구 외,신입 · 정규직,대학교(4년)↑,D-4,https://www.saramin.co.kr/zf_user/jobs/relay/view?view_type=public-recruit&rec_idx=54908683
한화시스템(주),하반기 방산부문 학/석사 신입사원 채용((전자광학)HW),경기 성남시 분당구,신입 · 정규직,석사↑,D-4,https://www.saramin.co.kr/zf_user/jobs/relay/view?view_type=public-recruit&rec_idx=54908636
한화오션(주),2026년 하반기 신입사원 채용 (설계-의장설계 (전장/무장/통신)),부산전체 외,신입 · 정규직 외,대학교(4년)↑,~09.30(수),https://www.saramin.co.kr/zf_user/jobs/relay/view?view_type=public-recruit&rec_idx=54908630
한신기계공업(주),각 부문별 신입/경력 채용,경기 안산시 외,신입 · 경력 · 정규직 외,고졸↑,~09.30(수),https://www.saramin.co.kr/zf_user/jobs/relay/view?view_type=public-recruit&rec_idx=54907698
(주)두원전자,각 부문별 신입 및 경력모집,충남 아산시 외,신입 · 경력 · 정규직,"대학(2,3년)↑",~11.30(월),https://www.saramin.co.kr/zf_user/jobs/relay/view?view_type=public-recruit&rec_idx=54907548
(주)디알텍,2026년 신입 및 경력 채용,경기 성남시 분당구 외,신입 · 경력 · 정규직,고졸↑,~09.30(수),https://www.saramin.co.kr/zf_user/jobs/relay/view?view_type=public-recruit&rec_idx=54907343
엔에이치엔(주),[NHN]그룹 각 부문 수시 채용,경기 성남시 분당구 외,신입 · 경력 · 정규직,학력무관,~09.30(수),https://www.saramin.co.kr/zf_user/jobs/relay/view?view_type=public-recruit&rec_idx=54907242
(주)인투알,2026년 ㈜인투알 각 부문별 수시채용,경기 김포시 외,경력무관 · 정규직,학력무관,~09.30(수),https://www.saramin.co.kr/zf_user/jobs/relay/view?view_type=public-recruit&rec_idx=54906574
(주)엠엑스온,2026년 (주)엠엑스온 신입 / 경력 채용,경기 안양시 동안구 외,신입 · 경력 · 정규직,대학교(4년)↑,~09.30(수),https://www.saramin.co.kr/zf_user/jobs/relay/view?view_type=public-recruit&rec_idx=54906571
제일산업(주),제일산업 부문별 모집요강(신입 및 경력 사원 모집),경기 화성시 외,신입 · 경력 · 정규직,학력무관,D-3,https://www.saramin.co.kr/zf_user/jobs/relay/view?view_type=public-recruit&rec_idx=54906482
(주)시몬스,2026년 하반기 각 부문별 신입/경력 채용공고,서울전체 외,신입 · 경력 · 정규직,학력무관,~09.30(수),https://www.saramin.co.kr/zf_user/jobs/relay/view?view_type=public-recruit&rec_idx=54901919
한화에어로스페이스(주),대규모 신입사원채용(항공사업부 제조/생산기술_기계/항공(아산),충남 아산시,신입 · 정규직,대학교(4년)↑,D-3,https://www.saramin.co.kr/zf_user/jobs/relay/view?view_type=public-recruit&rec_idx=54900849
한화에어로스페이스(주),대규모 신입사원 채용 (LS사업부 제조/생산기술_기계/항공(체계)),경남 창원시,신입 · 정규직,대학교(4년)↑,D-3,https://www.saramin.co.kr/zf_user/jobs/relay/view?view_type=public-recruit&rec_idx=54900697
한화에어로스페이스(주),대규모 신입사원 채용 (LS사업부 제조/생산기술_기계/항공(생산),경남 창원시,신입 · 정규직,대학교(4년)↑,D-3,https://www.saramin.co.kr/zf_user/jobs/relay/view?view_type=public-recruit&rec_idx=54900630
한화에어로스페이스(주),대규모 신입사원 채용 (항공사업부 R&D_기계/항공),경기 성남시 분당구,신입 · 정규직 외,대학교(4년)↑,D-3,https://www.saramin.co.kr/zf_user/jobs/relay/view?view_type=public-recruit&rec_idx=54899698
한화에어로스페이스(주),대규모 신입사원 채용 (PGM사업부 R&D_기계/항공 공력설계),대전전체,신입 · 정규직,대학교(4년)↑,D-3,https://www.saramin.co.kr/zf_user/jobs/relay/view?view_type=public-recruit&rec_idx=54899691
한화에어로스페이스(주),대규모 신입사원 채용(제조/생산기술_공학계열_생산시스템),서울전체,신입 · 정규직,대학교(4년)↑,D-3,https://www.saramin.co.kr/zf_user/jobs/relay/view?view_type=public-recruit&rec_idx=54899660
한화에어로스페이스(주),대규모 신입사원 채용(사업운영실 제조/생산기술_공학계열_DATA),서울전체,신입 · 정규직,대학교(4년)↑,D-3,https://www.saramin.co.kr/zf_user/jobs/relay/view?view_type=public-recruit&rec_idx=54899645
한화에어로스페이스(주),대규모 신입사원 채용 (MRO사업부 R&D_기계/항공 IPS),경남 창원시,신입 · 정규직,대학교(4년)↑,D-3,https://www.saramin.co.kr/zf_user/jobs/relay/view?view_type=public-recruit&rec_idx=54899633
한화에어로스페이스(주),대규모 신입사원 채용 (LS사업부 R&D_전기/전자),경남 창원시,신입 · 정규직,대학교(4년)↑,D-3,https://www.saramin.co.kr/zf_user/jobs/relay/view?view_type=public-recruit&rec_idx=54899632
한화에어로스페이스(주),대규모 신입사원 채용 (전기/전자 유도무기 체계개발(전자)),대전전체,신입 · 정규직,대학교(4년)↑,D-3,https://www.saramin.co.kr/zf_user/jobs/relay/view?view_type=public-recruit&rec_idx=54899631
한화에어로스페이스(주),대규모 신입사원 채용 (전기/전자 신관/점화안전장치 전자부),대전전체,신입 · 정규직,대학교(4년)↑,D-3,https://www.saramin.co.kr/zf_user/jobs/relay/view?view_type=public-recruit&rec_idx=54899628
한화에어로스페이스(주),신입사원 채용 (전기/전자 전기식 구동장치 개발(구동제어)),대전전체,신입 · 정규직,대학교(4년)↑,D-3,https://www.saramin.co.kr/zf_user/jobs/relay/view?view_type=public-recruit&rec_idx=54899629
한화에어로스페이스(주),대규모 신입사원 채용 (우주사업부 R&D_전기/전자),대전전체,신입 · 정규직,대학교(4년)↑,D-3,https://www.saramin.co.kr/zf_user/jobs/relay/view?view_type=public-recruit&rec_idx=54899627
한화에어로스페이스(주),대규모 신입사원 채용 (MRO사업부 R&D_전기/전자 IPS),경남 창원시,신입 · 정규직,대학교(4년)↑,D-3,https://www.saramin.co.kr/zf_user/jobs/relay/view?view_type=public-recruit&rec_idx=54899626
한화에어로스페이스(주),대규모 신입사원 채용 (R&D_SW/컴퓨터공학 IPS),경남 창원시,신입 · 정규직,대학교(4년)↑,D-3,https://www.saramin.co.kr/zf_user/jobs/relay/view?view_type=public-recruit&rec_idx=54899625
한화에어로스페이스(주),대규모 신입사원 채용 (SW/컴퓨터공학 유도무기 유도조종장치),대전전체,신입 · 정규직,대학교(4년)↑,D-3,https://www.saramin.co.kr/zf_user/jobs/relay/view?view_type=public-recruit&rec_idx=54899623
한화에어로스페이스(주),대규모 신입사원 채용 (R&D_SW/컴퓨터공학 AI),경기 성남시 분당구,신입 · 정규직,대학교(4년)↑,D-3,https://www.saramin.co.kr/zf_user/jobs/relay/view?view_type=public-recruit&rec_idx=54899624
한화에어로스페이스(주),대규모 신입사원 채용 (LS사업부 R&D_공학계열 위성항법),대전전체,신입 · 정규직,대학교(4년)↑,D-3,https://www.saramin.co.kr/zf_user/jobs/relay/view?view_type=public-recruit&rec_idx=54899622
한화에어로스페이스(주),대규모 신입사원 채용 (PGM사업부 R&D_공학계열 IPS 개발),대전전체,신입 · 정규직,대학교(4년)↑,D-3,https://www.saramin.co.kr/zf_user/jobs/relay/view?view_type=public-recruit&rec_idx=54899614
한화에어로스페이스(주),대규모 신입사원 채용 (공학계열 규격 제정 및 기술관리),대전전체,신입 · 정규직,대학교(4년)↑,D-3,https://www.saramin.co.kr/zf_user/jobs/relay/view?view_type=public-recruit&rec_idx=54899616
한화에어로스페이스(주),대규모 신입사원 채용 (MRO사업부 R&D_공학계열 IPS),경남 창원시,신입 · 정규직,대학교(4년)↑,D-3,https://www.saramin.co.kr/zf_user/jobs/relay/view?view_type=public-recruit&rec_idx=54899618
(주)위즈코리아,㈜위즈코리아 '26년 하반기 정기 채용 신입/경력 사원 모집,서울 강서구 외,신입 · 경력 · 정규직 외,학력무관,~10.31(토),https://www.saramin.co.kr/zf_user/jobs/relay/view?view_type=public-recruit&rec_idx=54898973
하나제약(주),26년 9월 수시 채용,서울 강남구 외,신입 · 경력 · 정규직,고졸↑,D-3,https://www.saramin.co.kr/zf_user/jobs/relay/view?view_type=public-recruit&rec_idx=54898482
(주)파미,"2026년 각 부문별 신입/경력 채용 (S/W 개발실, 시스템 개발실(전장/제어 설계), 해외영업(중국, 미국), 해외서비스, 국내서비스, 마케팅)",대전 유성구 외,신입 · 경력 · 정규직,"대학(2,3년)↑",D-3,https://www.saramin.co.kr/zf_user/jobs/relay/view?view_type=public-recruit&rec_idx=54897511
삼전순약공업(주),삼전순약공업(주) 2026년 9월 채용,경기 평택시 외,신입 · 경력 · 정규직,고졸↑,~09.27(일),https://www.saramin.co.kr/zf_user/jobs/relay/view?view_type=public-recruit&rec_idx=54895675
주식회사나인테크,생산직 3조 2교대 (1인 기숙사/가불 가능),경북 구미시 외,경력무관 · 정규직,학력무관,D-3,https://www.saramin.co.kr/zf_user/jobs/relay/view?view_type=public-recruit&rec_idx=54892758&adsCategoryItem=effect_bold&
(주)알레르망,[알레르망] 2026년 하반기 수시 채용 모집,서울 강남구,신입 · 경력 · 정규직 외,대학교(4년)↑,~10.30(금),https://www.saramin.co.kr/zf_user/jobs/relay/view?view_type=public-recruit&rec_idx=54881253
대일시스템,"대일시스템 하반기 부문별 채용(연구개발,국내영업,생산관리,생산직)",경기 용인시 처인구 외,신입 · 경력 · 정규직,대학교(4년)↑,~10.05(월),https://www.saramin.co.kr/zf_user/jobs/relay/view?view_type=public-recruit&rec_idx=54880924&adsCategoryItem=effect_bold&
코니카미놀타센싱코리아(주),엔지니어/구매업무 및 재고관리 ERP 채용,경기 성남시 중원구 외,신입 · 경력 · 정규직 외,"대학(2,3년)↑",~09.30(수),https://www.saramin.co.kr/zf_user/jobs/relay/view?view_type=public-recruit&rec_idx=54877279&adsCategoryItem=effect_bold&
(주)윤성에프앤씨,PM/PLC 채용,경기 안성시 외,신입 · 경력 · 정규직 외,"대학(2,3년)↑",~09.28(월),https://www.saramin.co.kr/zf_user/jobs/relay/view?view_type=public-recruit&rec_idx=54870413
한국투자공사,한국투자공사 2026년 신입직원 채용,서울 중구,신입 · 정규직,학력무관,내일마감,https://www.saramin.co.kr/zf_user/jobs/relay/view?view_type=public-recruit&rec_idx=54868788
리텍(주),정규직사원 모집 공고,세종 세종특별자치시,신입 · 경력 · 정규직,"대학(2,3년)↑",~09.30(수),https://www.saramin.co.kr/zf_user/jobs/relay/view?view_type=public-recruit&rec_idx=54867550
(주)뷰웍스,2027 뷰웍스 대졸 신입사원 공개채용,경기 안양시 동안구 외,신입 · 정규직,대학교(4년)↑,D-4,https://www.saramin.co.kr/zf_user/jobs/relay/view?view_type=public-recruit&rec_idx=54865272
(주)디지털프론티어,각 부문별 신입 및 경력 채용,경기 수원시 외,신입 · 경력 · 정규직 외,"대학(2,3년)↑",~09.27(일),https://www.saramin.co.kr/zf_user/jobs/relay/view?view_type=public-recruit&rec_idx=54865080
쿠팡풀필먼트서비스(유),자동화 설비 유지보수 엔지니어 신입·경력 채용 (전국),전국 외,신입 · 경력 · 정규직,"대학(2,3년)↑",~09.30(수),https://www.saramin.co.kr/zf_user/jobs/relay/view?view_type=public-recruit&rec_idx=54857978&adsCategoryItem=effect_bold&
(주)견우푸드,(주)견우푸드 신입/경력 정규직 채용,경기 광주시 외,신입 · 경력 · 정규직 외,학력무관,~09.25(금),https://www.saramin.co.kr/zf_user/jobs/relay/view?view_type=public-recruit&rec_idx=54857240&adsCategoryItem=effect_bold&
시냅스이미징(주),2026년 하반기 각 부문별 신입/경력 채용,경기 수원시 외,신입 · 경력 · 정규직,"대학(2,3년)↑",D-7,https://www.saramin.co.kr/zf_user/jobs/relay/view?view_type=public-recruit&rec_idx=54855399
(주)디바흐,2026 하반기 공개채용,서울 강남구 외,경력무관 · 정규직,학력무관,D-4,https://www.saramin.co.kr/zf_user/jobs/relay/view?view_type=public-recruit&rec_idx=54845044
(주)케이엘넷,하반기 각 부문 신입/경력 채용,서울 강남구 외,신입 · 경력 · 정규직,"대학(2,3년)↑",오늘마감,https://www.saramin.co.kr/zf_user/jobs/relay/view?view_type=public-recruit&rec_idx=54841342
(주)삼구에프에스,식품제조업 생산직 신입경력사원 채용,경기 성남시 외,신입 · 경력 · 정규직,학력무관,D-4,https://www.saramin.co.kr/zf_user/jobs/relay/view?view_type=public-recruit&rec_idx=54841318
(주)영풍,각 부문 신입/경력 정규직 채용,경북 봉화군 외,신입 · 경력 · 정규직 외,학력무관,~09.30(수),https://www.saramin.co.kr/zf_user/jobs/relay/view?view_type=public-recruit&rec_idx=54838844&adsCategoryItem=effect_bold&
신라에이치엠(주),[신라모노그램 강릉] 호텔&레지던스 통합인재 채용,강원 강릉시 외,신입 · 경력 · 정규직,"대학(2,3년)↑",D-5,https://www.saramin.co.kr/zf_user/jobs/relay/view?view_type=public-recruit&rec_idx=54831110
(주)티엑스알로보틱스,2026년 하반기 상시채용 모집,서울 강서구 외,신입 · 경력 · 정규직 외,학력무관,~09.28(월),https://www.saramin.co.kr/zf_user/jobs/relay/view?view_type=public-recruit&rec_idx=54830693&adsCategoryItem=effect_bold&
(주)웨어밸리,각 부문별 채용,서울 마포구 외,신입 · 경력 · 정규직,"대학(2,3년)↑",~09.30(수),https://www.saramin.co.kr/zf_user/jobs/relay/view?view_type=public-recruit&rec_idx=54828739&adsCategoryItem=effect_bold&
(주)드림어스컴퍼니,콘텐츠 플랫폼 백엔드 개발(신입),서울 강남구 외,신입 · 정규직,학력무관,D-5,https://www.saramin.co.kr/zf_user/jobs/relay/view?view_type=public-recruit&rec_idx=54827315
현대로템(주),항공우주 분야 신입/경력 채용,경기 의왕시 외,신입 · 경력 · 정규직,대학교(4년)↑,D-3,https://www.saramin.co.kr/zf_user/jobs/relay/view?view_type=public-recruit&rec_idx=54824208
DB그룹,DB그룹 신입사원 공개채용,서울 영등포구 외,신입 · 정규직,대학교(4년)↑,~10.02(금),https://www.saramin.co.kr/zf_user/jobs/relay/view?view_type=public-recruit&rec_idx=54814094
한화생명보험(주),2026 한화금융 신입공채 (AI/데이터),서울 영등포구,신입 · 정규직,학력무관,내일마감,https://www.saramin.co.kr/zf_user/jobs/relay/view?view_type=public-recruit&rec_idx=54813066
한화생명보험(주),2026 한화금융 신입공채 (플랫폼/IT),서울 영등포구,신입 · 정규직,학력무관,내일마감,https://www.saramin.co.kr/zf_user/jobs/relay/view?view_type=public-recruit&rec_idx=54813063
한화생명보험(주),2026 한화금융 신입공채 (블록체인),서울 영등포구,신입 · 정규직,학력무관,내일마감,https://www.saramin.co.kr/zf_user/jobs/relay/view?view_type=public-recruit&rec_idx=54813062
(주)로봇앤드디자인,'26년 하반기 각 부문 정규직 채용,경기 용인시 처인구 외,신입 · 경력 · 정규직,고졸↑,D-3,https://www.saramin.co.kr/zf_user/jobs/relay/view?view_type=public-recruit&rec_idx=54810167&adsCategoryItem=effect_bold&
(주)디팜스테크,각 부문 신입/경력 채용,경기 군포시 외,신입 · 경력 · 정규직,고졸↑,D-5,https://www.saramin.co.kr/zf_user/jobs/relay/view?view_type=public-recruit&rec_idx=54807072
국제전기(주),국제전기(주) 하반기 부문별 신입/경력 채용,충북 음성군 외,신입 · 경력 · 정규직,학력무관,~09.30(수),https://www.saramin.co.kr/zf_user/jobs/relay/view?view_type=public-recruit&rec_idx=54806914&adsCategoryItem=effect_bold&
(주)에이치엘사이언스,㈜에이치엘사이언스 경력직 부문별 채용,경기 의왕시 외,신입 · 경력 · 정규직,학력무관,~10.18(일),https://www.saramin.co.kr/zf_user/jobs/relay/view?view_type=public-recruit&rec_idx=54786501
(주)이노스페이스,2026 이노스페이스 신입/경력 수시채용,세종 세종특별자치시 외,신입 · 경력 · 정규직 외,학력무관,~09.30(수),https://www.saramin.co.kr/zf_user/jobs/relay/view?view_type=public-recruit&rec_idx=54786328
(주)셀바이오휴먼텍,(주)셀바이오휴먼텍 각 부문 신입/경력 공개채용,경기 안양시 동안구 외,신입 · 경력 · 정규직,고졸↑,~10.18(일),https://www.saramin.co.kr/zf_user/jobs/relay/view?view_type=public-recruit&rec_idx=54785411&adsCategoryItem=effect_bold&
티아이씨(주),차량생산/기술영업/개발기술팀 채용,경남 창원시 외,신입 · 경력 · 정규직,대학교(4년)↑,내일마감,https://www.saramin.co.kr/zf_user/jobs/relay/view?view_type=public-recruit&rec_idx=54782452
슈어소프트테크(주),2026 하반기 신입/경력 채용,경기 성남시 수정구 외,신입 · 경력 · 정규직,대학교(4년)↑,~10.18(일),https://www.saramin.co.kr/zf_user/jobs/relay/view?view_type=public-recruit&rec_idx=54781863
토스뱅크(주),Credit Rating Modeler,서울 강남구,신입 · 경력 · 정규직,학력무관,~09.30(수),https://www.saramin.co.kr/zf_user/jobs/relay/view?view_type=public-recruit&rec_idx=54779040
토스뱅크(주),Data Governance Manager,서울 강남구,신입 · 경력 · 정규직,학력무관,~09.30(수),https://www.saramin.co.kr/zf_user/jobs/relay/view?view_type=public-recruit&rec_idx=54779041
(주)이노메트리,[X-ray 및 CT 검사장비 AI 솔루션] 각 부문 신입 및 경력 모집,경기 화성시 외,신입 · 경력 · 정규직,고졸↑,D-4,https://www.saramin.co.kr/zf_user/jobs/relay/view?view_type=public-recruit&rec_idx=54768352
(주)동아일렉콤,[LIG 계열사] 동아일렉콤 신입/경력(시니어급 포함) 채용,경기 용인시 처인구 외,신입 · 경력 · 정규직,고졸↑,~10.17(토),https://www.saramin.co.kr/zf_user/jobs/relay/view?view_type=public-recruit&rec_idx=54767581&adsCategoryItem=effect_bold&
(주)새로고침,(주)새로고침 안양지점 - 패션의류3PL 인사회계총무부서 채용,경기 안양시 동안구 외,경력무관 · 정규직,학력무관,~10.13(화),https://www.saramin.co.kr/zf_user/jobs/relay/view?view_type=public-recruit&rec_idx=54752557
(주)유일로보틱스,로봇 자동화 사업본부 정규직 채용,인천 서해구 외,신입 · 경력 · 정규직,"대학(2,3년)↑",~10.11(일),https://www.saramin.co.kr/zf_user/jobs/relay/view?view_type=public-recruit&rec_idx=54729227
SY동아(주),SY동아(주) 2026 하반기 신입 및 경력직원 모집,경남 김해시 외,신입 · 경력 · 정규직,"대학(2,3년)↑",~10.12(월),https://www.saramin.co.kr/zf_user/jobs/relay/view?view_type=public-recruit&rec_idx=54728428
(주)에이피알,[인턴/경력] 에이피알(메디큐브/에이프릴스킨 등) 부문별 모집,서울 송파구,신입 · 경력 · 정규직 외,대학교(4년)↑,~10.11(일),https://www.saramin.co.kr/zf_user/jobs/relay/view?view_type=public-recruit&rec_idx=54725793
강림중공업(주),"강림중공업, 강림인슈 신입/경력 채용",경남 창원시 외,신입 · 경력 · 정규직 외,학력무관,~11.09(월),https://www.saramin.co.kr/zf_user/jobs/relay/view?view_type=public-recruit&rec_idx=54704243
(주)스타메드,[스타메드] 수시 채용 공고,경기 고양시 일산동구 외,신입 · 경력 · 정규직,학력무관,~10.09(금),https://www.saramin.co.kr/zf_user/jobs/relay/view?view_type=public-recruit&rec_idx=54702376
(주)마이크로인피니티,㈜마이크로인피니티 수원사업장 정규 모집,경기 수원시 영통구 외,경력무관 · 정규직,고졸↑,~10.09(금),https://www.saramin.co.kr/zf_user/jobs/relay/view?view_type=public-recruit&rec_idx=54698205
(주)웨이팅홀딩스,[500만팔로워를 보유한 플랫폼 기업] 각 부문 신입 및 경력 채용,서울 마포구 외,경력무관 · 정규직,학력무관,~10.06(화),https://www.saramin.co.kr/zf_user/jobs/relay/view?view_type=public-recruit&rec_idx=54685608
(주)엔케이텍,2026년 공개채용 모집공고,경기 오산시 외,신입 · 경력 · 정규직,학력무관,D-6,https://www.saramin.co.kr/zf_user/jobs/relay/view?view_type=public-recruit&rec_idx=54681810
토스뱅크(주),IT Assurance Manager,서울 강남구,신입 · 경력 · 정규직,학력무관,~09.30(수),https://www.saramin.co.kr/zf_user/jobs/relay/view?view_type=public-recruit&rec_idx=54677840
(주)네오위즈,오리지널IP 신작 콘솔 프로젝트 3D 애니메이터,경기 성남시 분당구,경력무관 · 정규직,학력무관,~09.30(수),https://www.saramin.co.kr/zf_user/jobs/relay/view?view_type=public-recruit&rec_idx=54677724
(주)네오위즈,[Onetake Studio] 고양이와 스프 크리에이티브/기획 디렉터,경기 성남시 분당구,경력무관 · 정규직,학력무관,~09.30(수),https://www.saramin.co.kr/zf_user/jobs/relay/view?view_type=public-recruit&rec_idx=54677721
(주)나노텍,2026년 하반기 각 부문 채용,경기 용인시 외,경력무관 · 정규직,학력무관,~10.18(일),https://www.saramin.co.kr/zf_user/jobs/relay/view?view_type=public-recruit&rec_idx=54672343
극동건설(주),2026년 3분기 분야별 공개채용,전국 외,신입 · 경력 · 정규직 외,"대학(2,3년)↑",~09.30(수),https://www.saramin.co.kr/zf_user/jobs/relay/view?view_type=public-recruit&rec_idx=54635940
(주)원일티엔아이,2026년 각 부문 신입/경력 공채,경기 김포시 외,신입 · 경력 · 정규직 외,학력무관,~09.30(수),https://www.saramin.co.kr/zf_user/jobs/relay/view?view_type=public-recruit&rec_idx=54635805
제주신화월드(주),제주신화월드 하반기 사원 모집,제주 서귀포시 외,경력무관 · 정규직 외,학력무관,~10.04(일),https://www.saramin.co.kr/zf_user/jobs/relay/view?view_type=public-recruit&rec_idx=54629339
기쁨병원,각 부문 신입 및 경력 채용,서울 서초구 외,신입 · 경력 · 정규직,"대학(2,3년)↑",D-3,https://www.saramin.co.kr/zf_user/jobs/relay/view?view_type=public-recruit&rec_idx=54606533
서창전기통신(주),2026년 하반기 각 부문 채용,대구 달서구 외,신입 · 경력 · 정규직 외,"대학(2,3년)↑",~09.30(수),https://www.saramin.co.kr/zf_user/jobs/relay/view?view_type=public-recruit&rec_idx=54606051&adsCategoryItem=effect_bold&
삼지전자(주),생산기술팀/제조팀 채용,경기 화성시 동탄구 외,신입 · 경력 · 정규직,고졸↑,~09.30(수),https://www.saramin.co.kr/zf_user/jobs/relay/view?view_type=public-recruit&rec_idx=54596018
(주)클리오,2026년도 하반기 신입(인턴) 및 경력사원 채용,서울 성동구,신입 · 경력 · 정규직 외,학력무관,D-3,https://www.saramin.co.kr/zf_user/jobs/relay/view?view_type=public-recruit&rec_idx=54582574
(주)삼성정밀 진영공장,"[자동차부품, 제조업] 각 부문별 신입/경력 채용",경남 김해시 외,신입 · 경력 · 정규직,"대학(2,3년)↑",~09.30(수),https://www.saramin.co.kr/zf_user/jobs/relay/view?view_type=public-recruit&rec_idx=54552624&adsCategoryItem=effect_bold&
(주)유원,2026년 각 부문별 신입/경력 정규직 채용,경기 오산시 외,신입 · 경력 · 정규직 외,학력무관,D-4,https://www.saramin.co.kr/zf_user/jobs/relay/view?view_type=public-recruit&rec_idx=54547657
(주)도루코,ERP·제조시스템 운영 담당 신입/경력사원 상시채용,서울 강남구,신입 · 경력 · 정규직,대학교(4년)↑,~09.30(수),https://www.saramin.co.kr/zf_user/jobs/relay/view?view_type=public-recruit&rec_idx=54529447
현대종합금속(주),신입/경력사원 모집,서울 강남구 외,신입 · 경력 · 정규직 외,학력무관,~09.27(일),https://www.saramin.co.kr/zf_user/jobs/relay/view?view_type=public-recruit&rec_idx=54528520
(주)한컴,"[26년 3분기] 공공시장 영업 (전환형 인턴, 경력)",경기 성남시 분당구,신입 · 경력 · 정규직 외,학력무관,~09.30(수),https://www.saramin.co.kr/zf_user/jobs/relay/view?view_type=public-recruit&rec_idx=54528007
한스바이오메드(주),[한스바이오메드] 본사/대전연구소 수시채용,대전 유성구 외,신입 · 경력 · 정규직 외,고졸↑,내일마감,https://www.saramin.co.kr/zf_user/jobs/relay/view?view_type=public-recruit&rec_idx=54519098
(주)이엠아이,[㈜이엠아이] 2026년 부문별 신입/경력 채용(청주),충북 청주시 외,신입 · 경력 · 정규직,학력무관,~11.19(목),https://www.saramin.co.kr/zf_user/jobs/relay/view?view_type=public-recruit&rec_idx=54485551
해커스교육그룹,2026년 해커스 교육그룹 [신입/경력] 각 부문별 채용공고,서울 서초구 외,신입 · 경력 · 정규직 외,학력무관,상시채용,https://www.saramin.co.kr/zf_user/jobs/relay/view?view_type=public-recruit&rec_idx=54325136
(주)카카오,LLM Research Engineer (Pre-training) (신입/경력),경기 성남시 분당구,신입 · 경력 · 정규직,학력무관,~09.30(수),https://www.saramin.co.kr/zf_user/jobs/relay/view?view_type=public-recruit&rec_idx=54241231
토스뱅크(주),Data Engineer (Finance),서울 강남구,신입 · 경력 · 정규직,학력무관,~09.30(수),https://www.saramin.co.kr/zf_user/jobs/relay/view?view_type=public-recruit&rec_idx=54185463
토스인컴(주),Data Analytics Engineer,서울 강남구,신입 · 경력 · 정규직,학력무관,~09.30(수),https://www.saramin.co.kr/zf_user/jobs/relay/view?view_type=public-recruit&rec_idx=54170497
(주)엠큐브테크놀로지,2026 하반기 채용공고 (해외영업/기술지원팀),서울 강서구,신입 · 경력 · 정규직,"대학(2,3년)↑",~09.30(수),https://www.saramin.co.kr/zf_user/jobs/relay/view?view_type=public-recruit&rec_idx=54091094
(주)수산아이앤티,[수산그룹]수산INT 개발직군 채용(백엔드/서비스기획/QA엔지니어 등),서울 강남구 외,신입 · 경력 · 정규직 외,대학교(4년)↑,D-3,https://www.saramin.co.kr/zf_user/jobs/relay/view?view_type=public-recruit&rec_idx=53930400
(주) 비알팜,2026년 비알팜 신입/경력 수시채용,서울 송파구 외,신입 · 경력 · 정규직 외,대학교(4년)↑,~09.30(수),https://www.saramin.co.kr/zf_user/jobs/relay/view?view_type=public-recruit&rec_idx=53864728
(주)파마리서치,2026년 파마리서치 신입/경력 수시채용,경기 성남시 분당구 외,신입 · 경력 · 정규직 외,대학교(4년)↑,상시채용,https://www.saramin.co.kr/zf_user/jobs/relay/view?view_type=public-recruit&rec_idx=53078923
(주)코난테크놀로지,2026년 각부문 신입 및 경력 채용,서울 서초구 외,신입 · 경력 · 정규직,대학교(4년)↑,~10.08(목),https://www.saramin.co.kr/zf_user/jobs/relay/view?view_type=public-recruit&rec_idx=52783795&adsCategoryItem=effect_bold&
